,lambda,iota,pi,nu,alpha,ballots
count,12.0,12.0,12.0,12.0,12.0,12.0
mean,0.7866666666666666,0.8491666666666666,0.7558333333333332,0.7200000000000001,0.8975,5.333333333333333
std,0.09518721584648886,0.10518022051640122,0.14209205296268865,0.1442220510185596,0.0511903755158579,3.550501458394378
min,0.7,0.55,0.48,0.35,0.8,2.0
25%,0.7,0.82,0.6875,0.715,0.8725,3.0
50%,0.75,0.88,0.71,0.765,0.89,4.0
75%,0.85,0.92,0.905,0.8,0.935,6.25
max,0.95,0.95,0.95,0.85,0.98,14.0
