{
  "optimal_alpha": 0.02104904144512021,
  "cv_score": 0.6811319707006729,
  "intercept": 31.84357173727657,
  "main_effects": {
    "lambda": -3.849284911263588,
    "iota": 4.689166856916385,
    "pi": -0.272132733205094,
    "nu": 2.341903738320493,
    "alpha": -12.525742742270626
  },
  "gamma_estimates": {
    "lambda_x_iota": -0.15006041053494812,
    "lambda_x_pi": -0.6542921522527472,
    "lambda_x_nu": -0.8769313849108942,
    "lambda_x_alpha": -11.530500173063007,
    "iota_x_pi": 2.7227756528882354,
    "iota_x_nu": 7.071774252315485,
    "iota_x_alpha": -6.514056984361012,
    "pi_x_nu": -0.5874574181705725,
    "pi_x_alpha": -5.839227860419916,
    "nu_x_alpha": -8.467993239748276
  }
}