{
  "lambda_x_iota": {
    "point_estimate": -0.15006041053494812,
    "mean": -0.09624160091432366,
    "std": 4.829442215808105,
    "median": -0.5371886162145285,
    "ci_lower": -9.385149608602063,
    "ci_upper": 9.772725082400182,
    "ci_width": 19.157874691002245
  },
  "lambda_x_pi": {
    "point_estimate": -0.6542921522527472,
    "mean": -1.3250790382484898,
    "std": 1.8364728149636678,
    "median": -1.4336040134719923,
    "ci_lower": -4.793125674092319,
    "ci_upper": 2.377043335739803,
    "ci_width": 7.170169009832122
  },
  "lambda_x_nu": {
    "point_estimate": -0.8769313849108942,
    "mean": -0.47075906072482815,
    "std": 3.1792456492819308,
    "median": -0.633720461561441,
    "ci_lower": -5.8421610759617515,
    "ci_upper": 6.371347839441781,
    "ci_width": 12.213508915403533
  },
  "lambda_x_alpha": {
    "point_estimate": -11.530500173063007,
    "mean": -9.112753384195566,
    "std": 3.192323232274701,
    "median": -9.536125322038586,
    "ci_lower": -14.74557113360116,
    "ci_upper": -1.6651549577654412,
    "ci_width": 13.080416175835719
  },
  "iota_x_pi": {
    "point_estimate": 2.7227756528882354,
    "mean": 2.2931952818930714,
    "std": 3.543304731842935,
    "median": 2.6993687371313824,
    "ci_lower": -5.851835275075189,
    "ci_upper": 8.273851588705147,
    "ci_width": 14.125686863780336
  },
  "iota_x_nu": {
    "point_estimate": 7.071774252315485,
    "mean": 5.354271375065531,
    "std": 3.239459333864869,
    "median": 5.748001431279339,
    "ci_lower": -1.4244960258264214,
    "ci_upper": 10.963458409711931,
    "ci_width": 12.387954435538353
  },
  "iota_x_alpha": {
    "point_estimate": -6.514056984361012,
    "mean": -4.753960402563679,
    "std": 3.6296261589012557,
    "median": -5.402987917105062,
    "ci_lower": -10.876921503816465,
    "ci_upper": 3.4812121707599313,
    "ci_width": 14.358133674576397
  },
  "pi_x_nu": {
    "point_estimate": -0.5874574181705725,
    "mean": 0.3112578062640316,
    "std": 2.652153109433771,
    "median": 0.3323750312250806,
    "ci_lower": -4.712397465757515,
    "ci_upper": 5.224309484471488,
    "ci_width": 9.936706950229002
  },
  "pi_x_alpha": {
    "point_estimate": -5.839227860419916,
    "mean": -5.030650169514284,
    "std": 4.040037935109475,
    "median": -5.431621971834931,
    "ci_lower": -11.576098331125417,
    "ci_upper": 2.359448787622396,
    "ci_width": 13.935547118747813
  },
  "nu_x_alpha": {
    "point_estimate": -8.467993239748276,
    "mean": -5.886590793862321,
    "std": 3.7138985538072053,
    "median": -6.142355714731858,
    "ci_lower": -12.058677471816674,
    "ci_upper": 1.931736033869171,
    "ci_width": 13.990413505685845
  }
}