{
  "rmse": 3.421677567945913,
  "mae": 2.7236400900811844,
  "rmse_improvement_pct": -7.769372218768914,
  "n_samples": 12,
  "n_problem_cases": 6
}