{
  "lambda_x_iota": {
    "baseline_coefficient": -0.15006041053494812,
    "perturbation_pct": 20.0,
    "avg_prediction_change_plus": 0.0198672480527744,
    "avg_prediction_change_minus": 0.019867248052774105,
    "avg_prediction_change_mean": 0.019867248052774254
  },
  "lambda_x_pi": {
    "baseline_coefficient": -0.6542921522527472,
    "perturbation_pct": 20.0,
    "avg_prediction_change_plus": 0.07907229708666463,
    "avg_prediction_change_minus": 0.07907229708666523,
    "avg_prediction_change_mean": 0.07907229708666494
  },
  "lambda_x_nu": {
    "baseline_coefficient": -0.8769313849108942,
    "perturbation_pct": 20.0,
    "avg_prediction_change_plus": 0.09835370102698941,
    "avg_prediction_change_minus": 0.09835370102698882,
    "avg_prediction_change_mean": 0.09835370102698912
  },
  "lambda_x_alpha": {
    "baseline_coefficient": -11.530500173063007,
    "perturbation_pct": 20.0,
    "avg_prediction_change_plus": 1.6249357368889037,
    "avg_prediction_change_minus": 1.6249357368889041,
    "avg_prediction_change_mean": 1.624935736888904
  },
  "iota_x_pi": {
    "baseline_coefficient": 2.7227756528882354,
    "perturbation_pct": 20.0,
    "avg_prediction_change_plus": 0.3460511716038299,
    "avg_prediction_change_minus": 0.3460511716038293,
    "avg_prediction_change_mean": 0.3460511716038296
  },
  "iota_x_nu": {
    "baseline_coefficient": 7.071774252315485,
    "perturbation_pct": 20.0,
    "avg_prediction_change_plus": 0.881555592003228,
    "avg_prediction_change_minus": 0.8815555920032278,
    "avg_prediction_change_mean": 0.8815555920032279
  },
  "iota_x_alpha": {
    "baseline_coefficient": -6.514056984361012,
    "perturbation_pct": 20.0,
    "avg_prediction_change_plus": 0.9946313609420828,
    "avg_prediction_change_minus": 0.9946313609420828,
    "avg_prediction_change_mean": 0.9946313609420828
  },
  "pi_x_nu": {
    "baseline_coefficient": -0.5874574181705725,
    "perturbation_pct": 20.0,
    "avg_prediction_change_plus": 0.06297151884509707,
    "avg_prediction_change_minus": 0.06297151884509766,
    "avg_prediction_change_mean": 0.06297151884509736
  },
  "pi_x_alpha": {
    "baseline_coefficient": -5.839227860419916,
    "perturbation_pct": 20.0,
    "avg_prediction_change_plus": 0.7928990191199855,
    "avg_prediction_change_minus": 0.7928990191199853,
    "avg_prediction_change_mean": 0.7928990191199854
  },
  "nu_x_alpha": {
    "baseline_coefficient": -8.467993239748276,
    "perturbation_pct": 20.0,
    "avg_prediction_change_plus": 1.0954054921717702,
    "avg_prediction_change_minus": 1.0954054921717704,
    "avg_prediction_change_mean": 1.0954054921717704
  }
}