{
  "metadata": {
    "simulations": 10000,
    "seed": 42
  },
  "scenario_A": {
    "mean": 1.197665388697321,
    "std": 0.024841024741784717
  },
  "scenario_B": {
    "mean": 1.2355366029548052,
    "std": 0.014556811836064713
  },
  "scenario_C": {
    "mean": 1.2144823304169203,
    "std": 0.013683202601701885
  },
  "organic_growth": {
    "mean": 0.08489302812354707,
    "median": 0.085,
    "std": 0.000676405297683689,
    "ci_lower": 0.0834527590631165,
    "ci_upper": 0.085
  },
  "probabilities": {
    "b_better_than_a": 0.9786,
    "b_better_than_c": 0.9942
  }
}