{
  "config": {
    "n_simulations": 10000,
    "seed": 42
  },
  "parameters": {
    "gamma_complementarity": {
      "baseline": 0.85,
      "std": 0.15,
      "min": 0.3,
      "max": 1.2,
      "source": "Caiumi & Peri 2024 (\u03c3=14)"
    },
    "gamma_wage_low": {
      "baseline": 0.02,
      "std": 0.008,
      "min": -0.01,
      "max": 0.04,
      "source": "Caiumi & Peri 2024 (+1.7% to +2.6%)"
    },
    "gamma_wage_high": {
      "baseline": 0.05,
      "std": 0.02,
      "min": 0.01,
      "max": 0.1,
      "source": "Beerli 2021"
    },
    "theta_ASY": {
      "baseline": 0.5,
      "std": 0.15,
      "min": 0.2,
      "max": 0.9,
      "source": "Bratsberg 2017"
    },
    "beta_narrative": {
      "baseline": -0.2,
      "std": 0.08,
      "min": -0.4,
      "max": -0.05,
      "source": "Beerli 2018, Shiller 2019"
    },
    "lambda_adjustment": {
      "baseline": 0.25,
      "std": 0.08,
      "min": 0.1,
      "max": 0.45,
      "source": "Dustmann 2017"
    },
    "beta_language": {
      "baseline": 0.15,
      "std": 0.05,
      "min": 0.05,
      "max": 0.3,
      "source": "Foged 2024 (RDD)"
    },
    "beta_early_intervention": {
      "baseline": 0.15,
      "std": 0.04,
      "min": 0.08,
      "max": 0.25,
      "source": "Dahlberg 2024 (RCT)"
    },
    "beta_welfare_cut": {
      "baseline": -12000,
      "std": 4000,
      "min": -25000,
      "max": -5000,
      "source": "Andersen 2024"
    },
    "beta_placement": {
      "baseline": 0.7,
      "std": 0.15,
      "min": 0.35,
      "max": 0.95,
      "source": "Bansak 2018"
    }
  },
  "intervals": {
    "delta_U_total": {
      "mean": 0.08272368784269267,
      "std": 0.06351578299018866,
      "ci_68": [
        0.019084278076685827,
        0.15603854128747854
      ],
      "ci_95": [
        0.01111653609125738,
        0.19102689321429756
      ],
      "ci_99": [
        0.007531126798776446,
        0.2115244313976017
      ],
      "min": 0.002565975462306249,
      "max": 0.2402506409670866
    },
    "delta_U_perceived": {
      "mean": 0.049535366274955604,
      "std": 0.041380626675142154,
      "ci_68": [
        0.010531285737183652,
        0.09766352682501245
      ],
      "ci_95": [
        0.005374260141771926,
        0.13683479548337663
      ],
      "ci_99": [
        0.0035616130725820224,
        0.15697739465626484
      ],
      "min": 0.001446582915813498,
      "max": 0.20903082153470318
    },
    "perception_gap": {
      "mean": 0.03318832156773705,
      "std": 0.0300908335683582,
      "ci_68": [
        0.0064247859711661455,
        0.0671226890884714
      ],
      "ci_95": [
        0.0026218842369339886,
        0.10237750765536506
      ],
      "ci_99": [
        0.0016123328711551538,
        0.12401147526387897
      ],
      "min": 0.0005950072894584102,
      "max": 0.17293582955018
    },
    "fiscal_per_migrant": {
      "mean": 16489.857177913156,
      "std": 1655.9979862310906,
      "ci_68": [
        15000.0,
        18457.175301932053
      ],
      "ci_95": [
        15000.0,
        19661.28345244158
      ],
      "ci_99": [
        15000.0,
        20311.184406101893
      ],
      "min": 15000.0,
      "max": 21000.0
    },
    "welfare_cut_cost": {
      "mean": -12074.392270216624,
      "std": 3861.408372487431,
      "ci_68": [
        -15947.584918814964,
        -8010.237007811789
      ],
      "ci_95": [
        -19936.549426096437,
        -5000.0
      ],
      "ci_99": [
        -22394.433574745395,
        -5000.0
      ],
      "min": -25000.0,
      "max": -5000.0
    },
    "years_to_adjustment": {
      "mean": 4.466738454801141,
      "std": 1.7266980489285644,
      "ci_68": [
        3.023160818462063,
        5.877689212615862
      ],
      "ci_95": [
        2.448484666278603,
        10.0
      ],
      "ci_99": [
        2.2222222222222223,
        10.0
      ],
      "min": 2.2222222222222223,
      "max": 10.0
    }
  },
  "sensitivities": {
    "delta_U_total": {
      "parameters": {
        "beta_language": {
          "correlation": 0.19044393473237947,
          "sensitivity": 0.036268892276350814,
          "direction": "positive"
        },
        "gamma_wage_high": {
          "correlation": 0.08265688180269,
          "sensitivity": 0.006832160109343865,
          "direction": "positive"
        },
        "beta_early_intervention": {
          "correlation": 0.07963514740784089,
          "sensitivity": 0.006341756702668548,
          "direction": "positive"
        },
        "gamma_wage_low": {
          "correlation": 0.06193596601524708,
          "sensitivity": 0.003836063886241842,
          "direction": "positive"
        },
        "gamma_complementarity": {
          "correlation": 0.06001807679121038,
          "sensitivity": 0.003602169541715626,
          "direction": "positive"
        },
        "beta_placement": {
          "correlation": 0.009772351864218928,
          "sensitivity": 9.549886095810315e-05,
          "direction": "positive"
        },
        "lambda_adjustment": {
          "correlation": -0.00837704525956496,
          "sensitivity": 7.017488728079976e-05,
          "direction": "negative"
        },
        "theta_ASY": {
          "correlation": -0.00747445020734382,
          "sensitivity": 5.586740590206207e-05,
          "direction": "negative"
        },
        "beta_welfare_cut": {
          "correlation": -0.005906294190261776,
          "sensitivity": 3.488431106192001e-05,
          "direction": "negative"
        },
        "beta_narrative": {
          "correlation": 0.004561170301797808,
          "sensitivity": 2.0804274522002304e-05,
          "direction": "positive"
        }
      },
      "total_explained": 0.05715827225604558
    },
    "delta_U_perceived": {
      "parameters": {
        "beta_narrative": {
          "correlation": 0.31324247441902736,
          "sensitivity": 0.09812084778015501,
          "direction": "positive"
        },
        "beta_language": {
          "correlation": 0.173777938908882,
          "sensitivity": 0.03019877205141912,
          "direction": "positive"
        },
        "beta_early_intervention": {
          "correlation": 0.0757277464727435,
          "sensitivity": 0.005734691585840115,
          "direction": "positive"
        },
        "gamma_wage_high": {
          "correlation": 0.07451539998883386,
          "sensitivity": 0.005552544835495901,
          "direction": "positive"
        },
        "gamma_complementarity": {
          "correlation": 0.061089192406141135,
          "sensitivity": 0.0037318894288345316,
          "direction": "positive"
        },
        "gamma_wage_low": {
          "correlation": 0.05404439723138221,
          "sensitivity": 0.0029207968721034335,
          "direction": "positive"
        },
        "theta_ASY": {
          "correlation": -0.012203999543184968,
          "sensitivity": 0.0001489376048500589,
          "direction": "negative"
        },
        "beta_placement": {
          "correlation": 0.011977879527668022,
          "sensitivity": 0.00014346959797932872,
          "direction": "positive"
        },
        "lambda_adjustment": {
          "correlation": -0.00997091288470691,
          "sensitivity": 9.941910375441429e-05,
          "direction": "negative"
        },
        "beta_welfare_cut": {
          "correlation": -0.006269906894378992,
          "sensitivity": 3.9311732464181224e-05,
          "direction": "negative"
        }
      },
      "total_explained": 0.14669068059289608
    },
    "perception_gap": {
      "parameters": {
        "beta_narrative": {
          "correlation": -0.4211403303558494,
          "sensitivity": 0.17735917785223398,
          "direction": "negative"
        },
        "beta_language": {
          "correlation": 0.1630116229499649,
          "sensitivity": 0.026572789216781526,
          "direction": "positive"
        },